Timestamp,Predicted Load (kW)
2018-09-01 00:00:00,5239.1626466151665
2018-09-01 01:00:00,5317.1335573776405
2018-09-01 02:00:00,5437.028545589981
2018-09-01 03:00:00,5577.128392169149
2018-09-01 04:00:00,5664.051973136243
2018-09-01 05:00:00,5643.225353949744
2018-09-01 06:00:00,5544.659425022332
2018-09-01 07:00:00,5471.868388803645
2018-09-01 08:00:00,5517.52268977911
2018-09-01 09:00:00,5684.448285266299
2018-09-01 10:00:00,5888.223679885419
2018-09-01 11:00:00,6038.5216275080975
2018-09-01 12:00:00,6118.7716824223135
2018-09-01 13:00:00,6185.639828173871
2018-09-01 14:00:00,6290.393625342378
2018-09-01 15:00:00,6403.682427478822
2018-09-01 16:00:00,6423.926754726685
2018-09-01 17:00:00,6267.425962369424
2018-09-01 18:00:00,5955.95296269895
2018-09-01 19:00:00,5616.562633957419
2018-09-01 20:00:00,5390.413863294322
2018-09-01 21:00:00,5332.74339756028
2018-09-01 22:00:00,5392.055871058354
2018-09-01 23:00:00,5478.890986894083
2018-09-02 00:00:00,5550.652513615176
2018-09-02 01:00:00,5630.582498208844
2018-09-02 02:00:00,5751.240520046804
2018-09-02 03:00:00,5890.89156304326
2018-09-02 04:00:00,5976.153984040431
2018-09-02 05:00:00,5952.468689282207
2018-09-02 06:00:00,5849.876652598704
2018-09-02 07:00:00,5771.937086575009
2018-09-02 08:00:00,5811.379861651723
2018-09-02 09:00:00,5971.104077020742
2018-09-02 10:00:00,6166.774214678784
2018-09-02 11:00:00,6308.160791175185
2018-09-02 12:00:00,6378.801701837996
2018-09-02 13:00:00,6435.480500788627
2018-09-02 14:00:00,6529.59007503779
2018-09-02 15:00:00,6631.91128020609
2018-09-02 16:00:00,6641.000647260247
2018-09-02 17:00:00,6473.296318636623
2018-09-02 18:00:00,6150.710993859716
2018-09-02 19:00:00,5800.438541119369
2018-09-02 20:00:00,5563.774244479932
2018-09-02 21:00:00,5496.0868832056485
2018-09-02 22:00:00,5546.007035354617
2018-09-02 23:00:00,5624.192604017752
2018-09-03 00:00:00,5688.156249205357
2018-09-03 01:00:00,5761.238146760602
2018-09-03 02:00:00,5876.083917491729
2018-09-03 03:00:00,6011.031321155899
2018-09-03 04:00:00,6092.757208744994
2018-09-03 05:00:00,6066.745858259304
2018-09-03 06:00:00,5963.0658389025
2018-09-03 07:00:00,5885.287723908477
2018-09-03 08:00:00,5926.136253410976
2018-09-03 09:00:00,6088.488855304413
2018-09-03 10:00:00,6287.9719562559285
2018-09-03 11:00:00,6434.301997444015
2018-09-03 12:00:00,6510.947344730888
2018-09-03 13:00:00,6574.607330879758
2018-09-03 14:00:00,6676.57687920691
2018-09-03 15:00:00,6787.526264980417
2018-09-03 16:00:00,6805.890110603578
2018-09-03 17:00:00,6647.974757471544
2018-09-03 18:00:00,6335.552777277738
2018-09-03 19:00:00,5995.671260216699
2018-09-03 20:00:00,5769.473829369394
2018-09-03 21:00:00,5712.174556123139
2018-09-03 22:00:00,5772.2481463783715
2018-09-03 23:00:00,5860.197372594737
2018-09-04 00:00:00,5933.382411481032
2018-09-04 01:00:00,6014.995484965855
2018-09-04 02:00:00,6137.540624545345
2018-09-04 03:00:00,6279.222130891309
2018-09-04 04:00:00,6366.593200152117
2018-09-04 05:00:00,6345.0258214931655
2018-09-04 06:00:00,6244.489071274836
2018-09-04 07:00:00,6168.4681062073205
2018-09-04 08:00:00,6209.617440925069
2018-09-04 09:00:00,6370.7604036762405
2018-09-04 10:00:00,6567.48619131661
2018-09-04 11:00:00,6709.491427147998
2018-09-04 12:00:00,6780.242405818289
2018-09-04 13:00:00,6836.454257787555
2018-09-04 14:00:00,6929.455480877032
2018-09-04 15:00:00,7029.96739613192
2018-09-04 16:00:00,7036.492627514113
2018-09-04 17:00:00,6865.421754182497
2018-09-04 18:00:00,6538.626906752378
2018-09-04 19:00:00,6183.268955901883
2018-09-04 20:00:00,5940.618255805467
2018-09-04 21:00:00,5866.027132551117
2018-09-04 22:00:00,5908.11850457833
2018-09-04 23:00:00,5977.55162908271
2018-09-05 00:00:00,6031.849654653674
2018-09-05 01:00:00,6094.372399375039
2018-09-05 02:00:00,6197.794197170366
2018-09-05 03:00:00,6320.490407422191
2018-09-05 04:00:00,6389.184083078104
2018-09-05 05:00:00,6349.413925445508
2018-09-05 06:00:00,6231.310674649871
2018-09-05 07:00:00,6138.514261186848
2018-09-05 08:00:00,6163.825326181764
2018-09-05 09:00:00,6310.203025444443
2018-09-05 10:00:00,6493.3605581738075
2018-09-05 11:00:00,6623.105342471082
2018-09-05 12:00:00,6683.000038217666
2018-09-05 13:00:00,6729.840664456622
2018-09-05 14:00:00,6815.020271236241
2018-09-05 15:00:00,6909.307733192609
2018-09-05 16:00:00,6911.235771937108
2018-09-05 17:00:00,6737.207361489442
2018-09-05 18:00:00,6409.089289232855
2018-09-05 19:00:00,6054.019523223129
2018-09-05 20:00:00,5813.228343186835
2018-09-05 21:00:00,5742.011421027014
2018-09-05 22:00:00,5788.9192298466
2018-09-05 23:00:00,5864.523765397275
2018-09-06 00:00:00,5926.247247341905
2018-09-06 01:00:00,5997.336205154465
2018-09-06 02:00:00,6110.340774686809
2018-09-06 03:00:00,6243.502782095006
2018-09-06 04:00:00,6323.404090652998
2018-09-06 05:00:00,6295.436317378859
2018-09-06 06:00:00,6189.579046556247
2018-09-06 07:00:00,6109.318842684132
2018-09-06 08:00:00,6147.302647397456
2018-09-06 09:00:00,6306.337452049728
2018-09-06 10:00:00,6501.9876637054585
2018-09-06 11:00:00,6643.9170639646545
2018-09-06 12:00:00,6715.551539256421
2018-09-06 13:00:00,6773.558808712426
2018-09-06 14:00:00,6869.213589955717
2018-09-06 15:00:00,6973.177751886808
2018-09-06 16:00:00,6983.889545043722
2018-09-06 17:00:00,6817.671049117018
2018-09-06 18:00:00,6496.322598921092
2018-09-06 19:00:00,6146.93082709786
2018-09-06 20:00:00,5910.690275484859
2018-09-06 21:00:00,5842.876754782628
2018-09-06 22:00:00,5892.036829027325
2018-09-06 23:00:00,5968.754408455664
2018-09-07 00:00:00,6030.479120972681
2018-09-07 01:00:00,6100.499871789899
2018-09-07 02:00:00,6211.423424912193
2018-09-07 03:00:00,6341.561592975141
2018-09-07 04:00:00,6417.578523085796
2018-09-07 05:00:00,6384.959199687877
2018-09-07 06:00:00,6273.786307825603
2018-09-07 07:00:00,6187.657776904177
2018-09-07 08:00:00,6219.338608962631
2018-09-07 09:00:00,6371.758903443828
2018-09-07 10:00:00,6560.609517762241
2018-09-07 11:00:00,6695.68228528824
2018-09-07 12:00:00,6760.530991641499
2018-09-07 13:00:00,6811.949358475427
2018-09-07 14:00:00,6901.334497192776
2018-09-07 15:00:00,6999.4654039187
2018-09-07 16:00:00,7004.890607572576
2018-09-07 17:00:00,6834.034130826432
2018-09-07 18:00:00,6508.788544412162
2018-09-07 19:00:00,6156.321770465463
2018-09-07 20:00:00,5917.897602714577
2018-09-07 21:00:00,5848.848136989628
2018-09-07 22:00:00,5897.762500388405
2018-09-07 23:00:00,5975.252872166058
2018-09-08 00:00:00,6038.78247374383
2018-09-08 01:00:00,6111.638942170198
2018-09-08 02:00:00,6226.4129227358135
2018-09-08 03:00:00,6361.385467227329
2018-09-08 04:00:00,6443.1757221642365
2018-09-08 05:00:00,6417.2100230907745
2018-09-08 06:00:00,6313.499530105117
2018-09-08 07:00:00,6235.558714909603
2018-09-08 08:00:00,6276.058290806047
2018-09-08 09:00:00,6437.824483473195
2018-09-08 10:00:00,6636.43606543017
2018-09-08 11:00:00,6781.566057959833
2018-09-08 12:00:00,6856.644282290828
2018-09-08 13:00:00,6918.3369883717705
2018-09-08 14:00:00,7017.912002684411
2018-09-08 15:00:00,7126.0189441394705
2018-09-08 16:00:00,7141.078597713296
2018-09-08 17:00:00,6979.390582940614
2018-09-08 18:00:00,6662.728075800301
2018-09-08 19:00:00,6318.146217637041
2018-09-08 20:00:00,6086.804158107168
2018-09-08 21:00:00,6023.938905950366
2018-09-08 22:00:00,6078.055356737979
2018-09-08 23:00:00,6159.693474203101
2018-09-09 00:00:00,6226.257286881423
2018-09-09 01:00:00,6300.989101068064
2018-09-09 02:00:00,6416.448754782894
2018-09-09 03:00:00,6550.901489890313
2018-09-09 04:00:00,6630.965920485336
2018-09-09 05:00:00,6602.083209352557
2018-09-09 06:00:00,6494.294586131793
2018-09-09 07:00:00,6411.159518488814
2018-09-09 08:00:00,6445.408131182254
2018-09-09 09:00:00,6599.939776965918
2018-09-09 10:00:00,6790.4191906219785
2018-09-09 11:00:00,6926.617140700446
2018-09-09 12:00:00,6992.071773718819
2018-09-09 13:00:00,7043.566894193226
2018-09-09 14:00:00,7132.4956386929425
2018-09-09 15:00:00,7229.639111562688
2018-09-09 16:00:00,7233.554091648566
2018-09-09 17:00:00,7060.678968404569
2018-09-09 18:00:00,6732.92668750395
2018-09-09 19:00:00,6377.491362395856
2018-09-09 20:00:00,6135.668521526888
2018-09-09 21:00:00,6062.8271875940845
2018-09-09 22:00:00,6107.598181225122
2018-09-09 23:00:00,6180.639647115002
2018-09-10 00:00:00,6239.464485952556
2018-09-10 01:00:00,6307.413113294595
2018-09-10 02:00:00,6417.131388710571
2018-09-10 03:00:00,6546.957309739147
2018-09-10 04:00:00,6623.567964168376
2018-09-10 05:00:00,6592.447865797208
2018-09-10 06:00:00,6483.66581861898
2018-09-10 07:00:00,6400.79262964789
2018-09-10 08:00:00,6436.553271751211
2018-09-10 09:00:00,6593.825404396059
2018-09-10 10:00:00,6788.235685029429
2018-09-10 11:00:00,6929.500784419848
2018-09-10 12:00:00,7001.089296936241
2018-09-10 13:00:00,7059.700782782209
2018-09-10 14:00:00,7156.630391608588
2018-09-10 15:00:00,7262.548623916558
2018-09-10 16:00:00,7275.890326228225
2018-09-10 17:00:00,7112.962062935257
2018-09-10 18:00:00,6795.536627592846
2018-09-10 19:00:00,6450.661331107318
2018-09-10 20:00:00,6219.480016125312
2018-09-10 21:00:00,6157.20697242629
2018-09-10 22:00:00,6212.317123132903
2018-09-10 23:00:00,6295.313456738957
2018-09-11 00:00:00,6363.556364804634
2018-09-11 01:00:00,6440.238282888299
2018-09-11 02:00:00,6557.863454919196
2018-09-11 03:00:00,6694.636392769842
2018-09-11 04:00:00,6777.110502560619
2018-09-11 05:00:00,6750.657982189166
2018-09-11 06:00:00,6645.248115492286
2018-09-11 07:00:00,6564.366265407537
2018-09-11 08:00:00,6600.667151512277
2018-09-11 09:00:00,6756.974305737327
2018-09-11 10:00:00,6948.877127320481
2018-09-11 11:00:00,7086.072440656972
2018-09-11 12:00:00,7152.026740182211
2018-09-11 13:00:00,7203.455354838496
2018-09-11 14:00:00,7291.686979593944
2018-09-11 15:00:00,7387.443131318255
2018-09-11 16:00:00,7389.22662847106
2018-09-11 17:00:00,7213.428243333181
2018-09-11 18:00:00,6881.920298319079
2018-09-11 19:00:00,6521.863854527153
2018-09-11 20:00:00,6274.529455187506
2018-09-11 21:00:00,6195.269614053245
2018-09-11 22:00:00,6232.707435854971
2018-09-11 23:00:00,6297.5023626840475
2018-09-12 00:00:00,6347.177726614747
2018-09-12 01:00:00,6405.09352781384
2018-09-12 02:00:00,6503.924280869535
2018-09-12 03:00:00,6622.04552440421
2018-09-12 04:00:00,6686.180489165307
2018-09-12 05:00:00,6641.868052835511
2018-09-12 06:00:00,6519.2391304603925
2018-09-12 07:00:00,6421.933826001593
2018-09-12 08:00:00,6442.752952590878
2018-09-12 09:00:00,6584.655836582538
2018-09-12 10:00:00,6763.355846237223
2018-09-12 11:00:00,6888.660567239152
2018-09-12 12:00:00,6944.1328255712815
2018-09-12 13:00:00,6986.568804880164
2018-09-12 14:00:00,7067.3617183154765
2018-09-12 15:00:00,7157.280602106099
2018-09-12 16:00:00,7154.858337759937
2018-09-12 17:00:00,6976.49805777365
2018-09-12 18:00:00,6644.06670681642
2018-09-12 19:00:00,6284.702408494763
2018-09-12 20:00:00,6039.635596494571
2018-09-12 21:00:00,5964.162095137813
2018-09-12 22:00:00,6006.83252841005
2018-09-12 23:00:00,6078.219041389806
2018-09-13 00:00:00,6135.744001499171
2018-09-13 01:00:00,6202.654084412933
2018-09-13 02:00:00,6311.499570611756
2018-09-13 03:00:00,6440.5224293067095
2018-09-13 04:00:00,6516.3046652378935
2018-09-13 05:00:00,6484.238035316095
2018-09-13 06:00:00,6374.302262116804
2018-09-13 07:00:00,6289.984046840764
2018-09-13 08:00:00,6323.930466217787
2018-09-13 09:00:00,6478.9486451022885
2018-09-13 10:00:00,6670.603122437348
2018-09-13 11:00:00,6808.557810093878
2018-09-13 12:00:00,6876.238723154871
2018-09-13 13:00:00,6930.313707780439
2018-09-13 14:00:00,7022.057606997025
2018-09-13 15:00:00,7122.132413471349
2018-09-13 16:00:00,7128.976499886773
2018-09-13 17:00:00,6958.912066423408
2018-09-13 18:00:00,6633.739566753153
2018-09-13 19:00:00,6280.545750727836
2018-09-13 20:00:00,6040.525275745646
2018-09-13 21:00:00,5968.954066406179
2018-09-13 22:00:00,6014.378798997393
2018-09-13 23:00:00,6087.383494347517
2018-09-14 00:00:00,6145.417889283058
2018-09-14 01:00:00,6211.770996275216
2018-09-14 02:00:00,6319.04968491265
2018-09-14 03:00:00,6445.565871771137
2018-09-14 04:00:00,6517.983806171717
2018-09-14 05:00:00,6481.788573138297
2018-09-14 06:00:00,6367.062956595031
2018-09-14 07:00:00,6277.404983150525
2018-09-14 08:00:00,6305.57975035854
2018-09-14 09:00:00,6454.517451490159
2018-09-14 10:00:00,6639.9090361021235
2018-09-14 11:00:00,6771.546428004802
2018-09-14 12:00:00,6832.983501579186
2018-09-14 13:00:00,6881.014065523962
2018-09-14 14:00:00,6967.035316619129
2018-09-14 15:00:00,7061.826334635445
2018-09-14 16:00:00,7063.935730454977
2018-09-14 17:00:00,6889.787607007207
2018-09-14 18:00:00,6561.2746135770285
2018-09-14 19:00:00,6205.564749150942
2018-09-14 20:00:00,5963.921882589769
2018-09-14 21:00:00,5891.678183164449
2018-09-14 22:00:00,5937.422849695131
2018-09-14 23:00:00,6011.768131452003
2018-09-15 00:00:00,6072.177318206507
2018-09-15 01:00:00,6141.93811353442
2018-09-15 02:00:00,6253.641227627064
2018-09-15 03:00:00,6385.5677754434055
2018-09-15 04:00:00,6464.336964958866
2018-09-15 05:00:00,6435.37519146243
2018-09-15 06:00:00,6328.6936730826055
2018-09-15 07:00:00,6247.806937836052
2018-09-15 08:00:00,6285.385753636722
2018-09-15 09:00:00,6444.256399043585
2018-09-15 10:00:00,6639.997697756934
2018-09-15 11:00:00,6782.282720523481
2018-09-15 12:00:00,6854.541336324828
2018-09-15 13:00:00,6913.43984114364
2018-09-15 14:00:00,7010.246105794769
2018-09-15 15:00:00,7115.609791801559
2018-09-15 16:00:00,7127.951725046477
2018-09-15 17:00:00,6963.571564261472
2018-09-15 18:00:00,6644.242522934782
2018-09-15 19:00:00,6297.01977813376
2018-09-15 20:00:00,6063.062513641629
2018-09-15 21:00:00,5997.607770553923
2018-09-15 22:00:00,6049.160475099197
2018-09-15 23:00:00,6128.260619987636
2018-09-16 00:00:00,6192.3122609997135
2018-09-16 01:00:00,6264.557730005912
2018-09-16 02:00:00,6377.556888883829
2018-09-16 03:00:00,6509.575001669111
2018-09-16 04:00:00,6587.230702933205
2018-09-16 05:00:00,6555.965174243431
2018-09-16 06:00:00,6445.81966233317
2018-09-16 07:00:00,6360.353650271799
2018-09-16 08:00:00,6392.297276546237
2018-09-16 09:00:00,6544.549905939203
2018-09-16 10:00:00,6732.776283592344
2018-09-16 11:00:00,6866.747186737073
2018-09-16 12:00:00,6930.0007688957985
2018-09-16 13:00:00,6979.320839909362
2018-09-16 14:00:00,7066.100540015204
2018-09-16 15:00:00,7161.120975550307
2018-09-16 16:00:00,7162.938925690695
2018-09-16 17:00:00,6987.992778562219
2018-09-16 18:00:00,6658.195476850675
2018-09-16 19:00:00,6300.741129367935
2018-09-16 20:00:00,6056.925258260418
2018-09-16 21:00:00,5982.116878293523
2018-09-16 22:00:00,6024.946800508469
2018-09-16 23:00:00,6096.0731583726365
2018-09-17 00:00:00,6153.008839728174
2018-09-17 01:00:00,6219.094245632218
2018-09-17 02:00:00,6326.975219535076
2018-09-17 03:00:00,6454.989741221519
2018-09-17 04:00:00,6529.814879138146
2018-09-17 05:00:00,6496.935126084385
2018-09-17 06:00:00,6386.419263466102
2018-09-17 07:00:00,6301.838074095412
2018-09-17 08:00:00,6335.916504912528
2018-09-17 09:00:00,6491.532188106157
2018-09-17 10:00:00,6684.311752131531
2018-09-17 11:00:00,6823.971837172886
2018-09-17 12:00:00,6893.981005431699
2018-09-17 13:00:00,6951.038783363554
2018-09-17 14:00:00,7046.440285296596
2018-09-17 15:00:00,7150.855974844489
2018-09-17 16:00:00,7162.7206600677
2018-09-17 17:00:00,6998.340865353304
2018-09-17 18:00:00,6679.489342681564
2018-09-17 19:00:00,6333.213359848289
2018-09-17 20:00:00,6100.656714842045
2018-09-17 21:00:00,6037.033651247242
2018-09-17 22:00:00,6090.81904446036
2018-09-17 23:00:00,6172.515833723779
2018-09-18 00:00:00,6239.484359827688
2018-09-18 01:00:00,6314.917006045586
2018-09-18 02:00:00,6431.317962516461
2018-09-18 03:00:00,6566.89168581535
2018-09-18 04:00:00,6648.19152527939
2018-09-18 05:00:00,6620.589620521104
2018-09-18 06:00:00,6514.055195621552
2018-09-18 07:00:00,6432.07355227913
2018-09-18 08:00:00,6467.299347358466
2018-09-18 09:00:00,6622.556048631497
2018-09-18 10:00:00,6813.432989696683
2018-09-18 11:00:00,6949.626927875823
2018-09-18 12:00:00,7014.604289082842
2018-09-18 13:00:00,7065.080332303462
2018-09-18 14:00:00,7152.383681116979
2018-09-18 15:00:00,7247.235779587806
2018-09-18 16:00:00,7248.139371944064
2018-09-18 17:00:00,7071.485154840994
2018-09-18 18:00:00,6739.1453736559215
2018-09-18 19:00:00,6378.2810110806
2018-09-18 20:00:00,6130.162530476046
2018-09-18 21:00:00,6050.142364459092
2018-09-18 22:00:00,6086.843535177471
2018-09-18 23:00:00,6150.925400797109
2018-09-19 00:00:00,6199.9112081096855
2018-09-19 01:00:00,6257.1608706524585
2018-09-19 02:00:00,6355.348815044366
2018-09-19 03:00:00,6472.850490600549
2018-09-19 04:00:00,6536.389037448729
2018-09-19 05:00:00,6491.5032413207555
2018-09-19 06:00:00,6368.323924016078
2018-09-19 07:00:00,6270.4910949434925
2018-09-19 08:00:00,6290.8054713927995
2018-09-19 09:00:00,6432.226282588163
2018-09-19 10:00:00,6610.466798391246
2018-09-19 11:00:00,6735.334504817009
2018-09-19 12:00:00,6790.392126923836
2018-09-19 13:00:00,6832.4357461815935
2018-09-19 14:00:00,6912.858472322158
2018-09-19 15:00:00,7002.429236929398
2018-09-19 16:00:00,6999.680815790581
2018-09-19 17:00:00,6821.016234165592
2018-09-19 18:00:00,6488.302328425786
2018-09-19 19:00:00,6128.677112691136
2018-09-19 20:00:00,5883.37090997965
2018-09-19 21:00:00,5807.679432731177
2018-09-19 22:00:00,5850.153191932633
2018-09-19 23:00:00,5921.364218465219
2018-09-20 00:00:00,5978.734764420733
2018-09-20 01:00:00,6045.511388998828
2018-09-20 02:00:00,6154.244255062652
2018-09-20 03:00:00,6283.175213093873
2018-09-20 04:00:00,6358.88614798536
2018-09-20 05:00:00,6326.768695701604
2018-09-20 06:00:00,6216.8024567687435
2018-09-20 07:00:00,6132.474009264668
2018-09-20 08:00:00,6166.430305710764
2018-09-20 09:00:00,6321.478345693644
2018-09-20 10:00:00,6513.182541832222
2018-09-20 11:00:00,6651.206678630227
2018-09-20 12:00:00,6718.976642760189
2018-09-20 13:00:00,6773.160150958232
2018-09-20 14:00:00,6865.031915801799
2018-09-20 15:00:00,6965.253798505853
2018-09-20 16:00:00,6972.264039307083
2018-09-20 17:00:00,6802.384704952817
2018-09-20 18:00:00,6477.416114711134
2018-09-20 19:00:00,6124.4448830577
2018-09-20 20:00:00,5884.665531069599
2018-09-20 21:00:00,5813.353846074474
2018-09-20 22:00:00,5859.056366155318
2018-09-20 23:00:00,5932.356973012706
2018-09-21 00:00:00,5990.70526343982
2018-09-21 01:00:00,6057.390108959776
2018-09-21 02:00:00,6165.018237331106
2018-09-21 03:00:00,6291.901422414691
2018-09-21 04:00:00,6364.703769948197
2018-09-21 05:00:00,6328.910220516012
2018-09-21 06:00:00,6214.60341273573
2018-09-21 07:00:00,6125.381227101602
2018-09-21 08:00:00,6154.008614202188
2018-09-21 09:00:00,6303.415619523978
2018-09-21 10:00:00,6489.293044074744
2018-09-21 11:00:00,6621.432662264515
2018-09-21 12:00:00,6683.3881983186075
2018-09-21 13:00:00,6731.953310015218
2018-09-21 14:00:00,6818.525042436025
2018-09-21 15:00:00,6913.882322912716
2018-09-21 16:00:00,6916.573609145076
2018-09-21 17:00:00,6743.02285015315
2018-09-21 18:00:00,6415.122540598296
2018-09-21 19:00:00,6060.0405241303515
2018-09-21 20:00:00,5819.040513588325
2018-09-21 21:00:00,5747.454521532098
2018-09-21 22:00:00,5793.871589399425
2018-09-21 23:00:00,5868.903808414795
2018-09-22 00:00:00,5930.01431013653
2018-09-22 01:00:00,6000.490638332862
2018-09-22 02:00:00,6112.92334324487
2018-09-22 03:00:00,6245.593379258317
2018-09-22 04:00:00,6325.119793175286
2018-09-22 05:00:00,6296.928818519546
2018-09-22 06:00:00,6191.031511070071
2018-09-22 07:00:00,6110.9422359345335
2018-09-22 08:00:00,6149.331597546626
2018-09-22 09:00:00,6309.025710449387
2018-09-22 10:00:00,6505.603233789702
2018-09-22 11:00:00,6648.737073240929
2018-09-22 12:00:00,6721.856932193102
2018-09-22 13:00:00,6781.628940548701
2018-09-22 14:00:00,6879.320802540263
2018-09-22 15:00:00,6985.582012662877
2018-09-22 16:00:00,6998.833229263454
2018-09-22 17:00:00,6835.373943116071
2018-09-22 18:00:00,6516.977199303852
2018-09-22 19:00:00,6170.698006057568
2018-09-22 20:00:00,5937.695377912163
2018-09-22 21:00:00,5873.206186298614
2018-09-22 22:00:00,5925.735187400338
2018-09-22 23:00:00,6005.822203491597
2018-09-23 00:00:00,6070.871119551512
2018-09-23 01:00:00,6144.124096284178
2018-09-23 02:00:00,6258.140824077634
2018-09-23 03:00:00,6391.186395113047
2018-09-23 04:00:00,6469.879271795871
2018-09-23 05:00:00,6439.660463228271
2018-09-23 06:00:00,6330.5710433697495
2018-09-23 07:00:00,6246.170322229586
2018-09-23 08:00:00,6279.188264959074
2018-09-23 09:00:00,6432.5240627498215
2018-09-23 10:00:00,6621.842286893056
2018-09-23 11:00:00,6756.913540529933
2018-09-23 12:00:00,6821.275802875219
2018-09-23 13:00:00,6871.712709240713
2018-09-23 14:00:00,6959.617225129988
2018-09-23 15:00:00,7055.770281955043
2018-09-23 16:00:00,7058.728483794975
2018-09-23 17:00:00,6884.930043500093
2018-09-23 18:00:00,6556.287728333426
2018-09-23 19:00:00,6199.9954715375325
2018-09-23 20:00:00,5957.348619562552
2018-09-23 21:00:00,5883.716011343793
2018-09-23 22:00:00,5927.7282820017135
2018-09-23 23:00:00,6000.043388978714
2018-09-24 00:00:00,6058.174044006704
2018-09-24 01:00:00,6125.460471963425
2018-09-24 02:00:00,6234.548340051099
2018-09-24 03:00:00,6363.77545179475
2018-09-24 04:00:00,6439.818699280899
2018-09-24 05:00:00,6408.16239897806
2018-09-24 06:00:00,6298.875155933056
2018-09-24 07:00:00,6215.52757687342
2018-09-24 08:00:00,6250.84443222971
2018-09-24 09:00:00,6407.703177739268
2018-09-24 10:00:00,6601.730265548274
2018-09-24 11:00:00,6742.642159619864
2018-09-24 12:00:00,6813.907245943432
2018-09-24 13:00:00,6872.224874862934
2018-09-24 14:00:00,6968.889984669082
2018-09-24 15:00:00,7074.572863028894
2018-09-24 16:00:00,7087.708142172785
2018-09-24 17:00:00,6924.602170758024
2018-09-24 18:00:00,6607.027525176993
2018-09-24 19:00:00,6262.031297773958
2018-09-24 20:00:00,6030.757111239414
2018-09-24 21:00:00,5968.419034017781
2018-09-24 22:00:00,6023.491766546099
2018-09-24 23:00:00,6106.478073299353
2018-09-25 00:00:00,6174.7381204859485
2018-09-25 01:00:00,6251.464117018
2018-09-25 02:00:00,6369.160078891988
2018-09-25 03:00:00,6506.030288775488
2018-09-25 04:00:00,6588.627922335336
2018-09-25 05:00:00,6562.324945781704
2018-09-25 06:00:00,6457.090410053258
2018-09-25 07:00:00,6376.409443986884
2018-09-25 08:00:00,6412.936531873023
2018-09-25 09:00:00,6569.494969222162
2018-09-25 10:00:00,6761.673917669777
2018-09-25 11:00:00,6899.169962901535
2018-09-25 12:00:00,6965.449359553543
2018-09-25 13:00:00,7017.227195647833
2018-09-25 14:00:00,7105.83192417691
2018-09-25 15:00:00,7201.984818978717
2018-09-25 16:00:00,7204.188454455386
2018-09-25 17:00:00,7028.833357799613
2018-09-25 18:00:00,6697.791605348059
2018-09-25 19:00:00,6338.22401116071
2018-09-25 20:00:00,6091.400870391564
2018-09-25 21:00:00,6012.674447885273
2018-09-25 22:00:00,6050.66759845973
2018-09-25 23:00:00,6116.039513426424
2018-09-26 00:00:00,6166.313273165989
2018-09-26 01:00:00,6224.848625304086
2018-09-26 02:00:00,6324.319831027303
2018-09-26 03:00:00,6443.102174725098
2018-09-26 04:00:00,6507.918632108071
2018-09-26 05:00:00,6464.307825015392
2018-09-26 06:00:00,6342.400411884102
2018-09-26 07:00:00,6245.836239306238
2018-09-26 08:00:00,6267.415862312426
2018-09-26 09:00:00,6410.09834842342
2018-09-26 10:00:00,6589.596806380424
2018-09-26 11:00:00,6715.7185616596
2018-09-26 12:00:00,6772.02617938239
2018-09-26 13:00:00,6815.31558167462
2018-09-26 14:00:00,6896.979719558526
2018-09-26 15:00:00,6987.787366679715
2018-09-26 16:00:00,6986.271141248135
2018-09-26 17:00:00,6808.833911681235
2018-09-26 18:00:00,6477.342358199778
2018-09-26 19:00:00,6118.934339445182
2018-09-26 20:00:00,5874.840023620413
2018-09-26 21:00:00,5800.354969055914
2018-09-26 22:00:00,5844.029533313329
2018-09-26 23:00:00,5916.435594560388
2018-09-27 00:00:00,5974.995252888529
2018-09-27 01:00:00,6042.9549162344465
2018-09-27 02:00:00,6152.864596921126
2018-09-27 03:00:00,6282.965995637477
2018-09-27 04:00:00,6359.840848262196
2018-09-27 05:00:00,6328.880642472401
2018-09-27 06:00:00,6220.06483131034
2018-09-27 07:00:00,6136.879846141671
2018-09-27 08:00:00,6171.9724935761915
2018-09-27 09:00:00,6328.149628083283
2018-09-27 10:00:00,6520.975517982217
2018-09-27 11:00:00,6660.113804297274
2018-09-27 12:00:00,6728.990231053006
2018-09-27 13:00:00,6784.272373172373
2018-09-27 14:00:00,6877.234802274332
2018-09-27 15:00:00,6978.5392394671435
2018-09-27 16:00:00,6986.623785748887
2018-09-27 17:00:00,6817.810369504636
2018-09-27 18:00:00,6493.899172526237
2018-09-27 19:00:00,6141.976672703453
2018-09-27 20:00:00,5903.237255421915
2018-09-27 21:00:00,5832.956573241475
2018-09-27 22:00:00,5879.681030385631
2018-09-27 23:00:00,5953.99437562356
2018-09-28 00:00:00,6013.346073753812
2018-09-28 01:00:00,6081.024865254915
2018-09-28 02:00:00,6189.637347779972
2018-09-28 03:00:00,6317.495166054607
2018-09-28 04:00:00,6391.26229764569
2018-09-28 05:00:00,6356.423555944471
2018-09-28 06:00:00,6243.061453358389
2018-09-28 07:00:00,6154.773745163327
2018-09-28 08:00:00,6184.325257732146
2018-09-28 09:00:00,6334.645913352016
2018-09-28 10:00:00,6521.426390824051
2018-09-28 11:00:00,6654.458343395441
2018-09-28 12:00:00,6717.295375149849
2018-09-28 13:00:00,6766.731024773968
2018-09-28 14:00:00,6854.162219288473
2018-09-28 15:00:00,6950.36776902959
2018-09-28 16:00:00,6953.896015758855
2018-09-28 17:00:00,6781.170793614845
2018-09-28 18:00:00,6454.08448347625
2018-09-28 19:00:00,6099.804816275831
2018-09-28 20:00:00,5859.595393229298
2018-09-28 21:00:00,5788.788116369757
2018-09-28 22:00:00,5835.9719177076395
2018-09-28 23:00:00,5911.7587802194475
2018-09-29 00:00:00,5973.611727684876
2018-09-29 01:00:00,6044.818198316389
2018-09-29 02:00:00,6157.968637412355
2018-09-29 03:00:00,6291.343895548261
2018-09-29 04:00:00,6371.562916869898
2018-09-29 05:00:00,6344.051833377693
2018-09-29 06:00:00,6238.821600499191
2018-09-29 07:00:00,6159.386484143959
2018-09-29 08:00:00,6198.416990716555
2018-09-29 09:00:00,6358.739137904993
2018-09-29 10:00:00,6555.931489182348
2018-09-29 11:00:00,6699.666855735367
2018-09-29 12:00:00,6773.37484765597
2018-09-29 13:00:00,6833.721502750212
2018-09-29 14:00:00,6931.974434352127
2018-09-29 15:00:00,7038.783047275819
2018-09-29 16:00:00,7052.567911387582
2018-09-29 17:00:00,6889.628430232033
2018-09-29 18:00:00,6571.737562818233
2018-09-29 19:00:00,6225.950232623391
2018-09-29 20:00:00,5993.425370608442
2018-09-29 21:00:00,5929.399765883353
2018-09-29 22:00:00,5982.378093555632
2018-09-29 23:00:00,6062.900096076535
2018-09-30 00:00:00,6128.369579855385
2018-09-30 01:00:00,6202.028628290446
2018-09-30 02:00:00,6316.436855725018
2018-09-30 03:00:00,6449.859279565326
2018-09-30 04:00:00,6528.914288721753
2018-09-30 05:00:00,6499.042820071893
2018-09-30 06:00:00,6390.28587663914
2018-09-30 07:00:00,6306.202698782827
2018-09-30 08:00:00,6339.5231832939935
2018-09-30 09:00:00,6493.146454299924
2018-09-30 10:00:00,6682.737017329005
2018-09-30 11:00:00,6818.065411061298
2018-09-30 12:00:00,6882.6695515597185
2018-09-30 13:00:00,6933.333012292603
2018-09-30 14:00:00,7021.448698235694
2018-09-30 15:00:00,7117.797481595713
2018-09-30 16:00:00,7120.9359085585165
2018-09-30 17:00:00,6947.302135419957
2018-09-30 18:00:00,6618.80887420567
2018-09-30 19:00:00,6262.650004260708
2018-09-30 20:00:00,6020.120819467074
2018-09-30 21:00:00,5946.590107535112
2018-09-30 22:00:00,5990.688453695025
2018-09-30 23:00:00,6063.073766849557
2018-10-01 00:00:00,6121.25871153473
2018-10-01 01:00:00,6188.5834667827985
2018-10-01 02:00:00,6297.693655305023
2018-10-01 03:00:00,6426.927037482286
2018-10-01 04:00:00,6502.960463628795
2018-10-01 05:00:00,6471.278209782343
2018-10-01 06:00:00,6361.948841937326
2018-10-01 07:00:00,6278.54292887565
2018-10-01 08:00:00,6313.785204948504
2018-10-01 09:00:00,6470.553090919785
2018-10-01 10:00:00,6664.473005380264
2018-10-01 11:00:00,6805.261380045329
2018-10-01 12:00:00,6876.38657006408
2018-10-01 13:00:00,6934.547896316568
2018-10-01 14:00:00,7031.040269011597
2018-10-01 15:00:00,7136.533949091074
2018-10-01 16:00:00,7149.463543457015
2018-10-01 17:00:00,6986.135376816745
2018-10-01 18:00:00,6668.322002997614
2018-10-01 19:00:00,6323.070493155513
2018-10-01 20:00:00,6091.524450186318
2018-10-01 21:00:00,6028.8979241188235
2018-10-01 22:00:00,6083.665598363999
2018-10-01 23:00:00,6166.330221752818
2018-10-02 00:00:00,6234.251946252964
2018-10-02 01:00:00,6310.622967906029
2018-10-02 02:00:00,6427.947291239763
2018-10-02 03:00:00,6564.429188837388
2018-10-02 04:00:00,6646.621827674049
2018-10-02 05:00:00,6619.897166657238
2018-10-02 06:00:00,6514.224250812927
2018-10-02 07:00:00,6433.088204460982
2018-10-02 08:00:00,6469.143508756599
2018-10-02 09:00:00,6625.2134574699
2018-10-02 10:00:00,6816.887211888283
2018-10-02 11:00:00,6953.861358738913
2018-10-02 12:00:00,7019.602155081582
2018-10-02 13:00:00,7070.82469276484
2018-10-02 14:00:00,7158.857429978614
2018-10-02 15:00:00,7254.421647176485
2018-10-02 16:00:00,7256.019926720908
2018-10-02 17:00:00,7080.042805183081
2018-10-02 18:00:00,6748.362369677031
2018-10-02 19:00:00,6388.139446332952
2018-10-02 20:00:00,6140.644343896884
2018-10-02 21:00:00,6061.22934209459
2018-10-02 22:00:00,6098.517312029737
2018-10-02 23:00:00,6163.167462675388
2018-10-03 00:00:00,6212.702893462875
2018-10-03 01:00:00,6270.483372432417
2018-10-03 02:00:00,6369.183182568208
2018-10-03 03:00:00,6487.177631426198
2018-10-03 04:00:00,6551.189719259347
2018-10-03 05:00:00,6506.758093815897
2018-10-03 06:00:00,6384.01344080932
2018-10-03 07:00:00,6286.59563547779
2018-10-03 08:00:00,6307.305262855394
2018-10-03 09:00:00,6449.101421830688
2018-10-03 10:00:00,6627.697253870395
2018-10-03 11:00:00,6752.900118539027
2018-10-03 12:00:00,6808.2726163858715
2018-10-03 13:00:00,6850.610706335628
2018-10-03 14:00:00,6931.307377541745
2018-10-03 15:00:00,7021.131442964186
2018-10-03 16:00:00,7018.615561808889
2018-10-03 17:00:00,6840.162644659352
2018-10-03 18:00:00,6507.639415244889
2018-10-03 19:00:00,6148.183777038968
2018-10-03 20:00:00,5903.025944419729
2018-10-03 21:00:00,5827.461523210966
2018-10-03 22:00:00,5870.040919795354
2018-10-03 23:00:00,5941.336062477349
2018-10-04 00:00:00,5998.769102821773
2018-10-04 01:00:00,6065.586501524239
2018-10-04 02:00:00,6174.338324996381
2018-10-04 03:00:00,6303.266329315255
2018-10-04 04:00:00,6378.952307051665
2018-10-04 05:00:00,6346.78780387394
2018-10-04 06:00:00,6236.752332106791
2018-10-04 07:00:00,6152.332383691906
2018-10-04 08:00:00,6186.174827097212
2018-10-04 09:00:00,6341.086579940897
2018-10-04 10:00:00,6532.631974946266
2018-10-04 11:00:00,6670.47471886305
2018-10-04 12:00:00,6738.040622648488
2018-10-04 13:00:00,6791.997329459785
2018-10-04 14:00:00,6883.61948040085
2018-10-04 15:00:00,6983.5688673170125
2018-10-04 16:00:00,6990.283663202157
2018-10-04 17:00:00,6820.085869667172
2018-10-04 18:00:00,6494.775742979685
2018-10-04 19:00:00,6141.439836738809
2018-10-04 20:00:00,5901.272613268198
2018-10-04 21:00:00,5829.5498032822
2018-10-04 22:00:00,5874.817890388695
2018-10-04 23:00:00,5947.660703952818
2018-10-05 00:00:00,6005.52779056924
2018-10-05 01:00:00,6071.707973721638
2018-10-05 02:00:00,6178.807935264375
2018-10-05 03:00:00,6305.139405316383
2018-10-05 04:00:00,6377.36644801273
2018-10-05 05:00:00,6340.97396450994
2018-10-05 06:00:00,6226.04455613972
2018-10-05 07:00:00,6136.17606827616
2018-10-05 08:00:00,6164.133418546385
2018-10-05 09:00:00,6312.846621656396
2018-10-05 10:00:00,6498.006449964202
2018-10-05 11:00:00,6629.404651418004
2018-10-05 12:00:00,6690.594925949393
2018-10-05 13:00:00,6738.370909210145
2018-10-05 14:00:00,6824.129626314991
2018-10-05 15:00:00,6918.64998680242
2018-10-05 16:00:00,6920.480432771121
2018-10-05 17:00:00,6746.044899763555
2018-10-05 18:00:00,6417.235871182971
2018-10-05 19:00:00,6061.221181589246
2018-10-05 20:00:00,5819.264536834424
2018-10-05 21:00:00,5746.6979447639715
2018-10-05 22:00:00,5792.110444208955
2018-10-05 23:00:00,5866.114125998911
2018-10-06 00:00:00,5926.172122897899
2018-10-06 01:00:00,5995.571983115686
2018-10-06 02:00:00,6106.904262983849
2018-10-06 03:00:00,6238.449925144193
2018-10-06 04:00:00,6316.828026823076
2018-10-06 05:00:00,6287.464814134831
2018-10-06 06:00:00,6180.371357617299
2018-10-06 07:00:00,6099.062039293322
2018-10-06 08:00:00,6136.207482673735
2018-10-06 09:00:00,6294.6338235453995
2018-10-06 10:00:00,6489.91974444775
2018-10-06 11:00:00,6631.738176604151
2018-10-06 12:00:00,6703.518851113656
2018-10-06 13:00:00,6761.927927734615
2018-10-06 14:00:00,6858.233142700525
2018-10-06 15:00:00,6963.084024657577
2018-10-06 16:00:00,6974.901268245952
2018-10-06 17:00:00,6809.984402687133
2018-10-06 18:00:00,6490.106513589675
2018-10-06 19:00:00,6142.322651932193
2018-10-06 20:00:00,5907.791877078667
2018-10-06 21:00:00,5841.751107392996
2018-10-06 22:00:00,5892.705148165609
2018-10-06 23:00:00,5971.193872870085
2018-10-07 00:00:00,6034.6212197939685
2018-10-07 01:00:00,6106.229405087262
2018-10-07 02:00:00,6218.578176663291
2018-10-07 03:00:00,6349.932686343617
2018-10-07 04:00:00,6426.911458278126
2018-10-07 05:00:00,6394.955565396932
2018-10-07 06:00:00,6284.10614758241
2018-10-07 07:00:00,6197.922582847486
2018-10-07 08:00:00,6229.1349064345195
2018-10-07 09:00:00,6380.6423816854285
2018-10-07 10:00:00,6568.109654120992
2018-10-07 11:00:00,6701.307403174318
2018-10-07 12:00:00,6763.773686411267
2018-10-07 13:00:00,6812.292219536349
2018-10-07 14:00:00,6898.256050505665
2018-10-07 15:00:00,6992.446195216298
2018-10-07 16:00:00,6993.41934426259
2018-10-07 17:00:00,6817.613799049497
2018-10-07 18:00:00,6486.9424174063515
2018-10-07 19:00:00,6128.59922516609
2018-10-07 20:00:00,5883.879663361161
2018-10-07 21:00:00,5808.152667531091
2018-10-07 22:00:00,5850.048971377108
2018-10-07 23:00:00,5920.226632920836
2018-10-08 00:00:00,5976.198466446908
2018-10-08 01:00:00,6041.3048013691805
2018-10-08 02:00:00,6148.191411380911
2018-10-08 03:00:00,6275.196208455448
2018-10-08 04:00:00,6348.996195091775
2018-10-08 05:00:00,6315.075800099964
2018-10-08 06:00:00,6203.503742834184
2018-10-08 07:00:00,6117.850745906002
2018-10-08 08:00:00,6150.841698169537
2018-10-08 09:00:00,6305.35417537622
2018-10-08 10:00:00,6497.0147516436355
2018-10-08 11:00:00,6635.540014734516
2018-10-08 12:00:00,6704.398476356467
2018-10-08 13:00:00,6760.289614439229
2018-10-08 14:00:00,6854.508496742133
2018-10-08 15:00:00,6957.725542227423
2018-10-08 16:00:00,6968.375516291633
2018-10-08 17:00:00,6802.764902580442
2018-10-08 18:00:00,6482.666414326307
2018-10-08 19:00:00,6135.127282514937
2018-10-08 20:00:00,5901.291270290253
2018-10-08 21:00:00,5836.372588356641
2018-10-08 22:00:00,5888.846081195119
2018-10-08 23:00:00,5969.214659102021
2018-10-09 00:00:00,6034.838635889355
2018-10-09 01:00:00,6108.910369822206
2018-10-09 02:00:00,6223.934028000146
2018-10-09 03:00:00,6358.114045933719
2018-10-09 04:00:00,6438.003753861485
2018-10-09 05:00:00,6408.975274282611
2018-10-09 06:00:00,6300.99781612746
2018-10-09 07:00:00,6217.556667925397
2018-10-09 08:00:00,6251.306475343088
2018-10-09 09:00:00,6405.070696929146
2018-10-09 10:00:00,6594.438659031171
2018-10-09 11:00:00,6729.107113695303
2018-10-09 12:00:00,6792.542483550639
2018-10-09 13:00:00,6841.460026244188
2018-10-09 14:00:00,6927.188366003686
2018-10-09 15:00:00,7020.448949524909
2018-10-09 16:00:00,7019.744525622349
2018-10-09 17:00:00,6841.465797508831
2018-10-09 18:00:00,6507.485019124431
2018-10-09 19:00:00,6144.963183598055
2018-10-09 20:00:00,5895.170766819291
2018-10-09 21:00:00,5813.46021582348
2018-10-09 22:00:00,5848.454569146446
2018-10-09 23:00:00,5910.813203324026
2018-10-10 00:00:00,5958.059385460875
2018-10-10 01:00:00,6013.553051371226
2018-10-10 02:00:00,6109.968651918482
2018-10-10 03:00:00,6225.68166258859
2018-10-10 04:00:00,6287.415251658383
2018-10-10 05:00:00,6240.708234938108
2018-10-10 06:00:00,6115.691466261829
2018-10-10 07:00:00,6016.004989012397
2018-10-10 08:00:00,6034.449556393041
2018-10-10 09:00:00,6173.984435470639
2018-10-10 10:00:00,6350.322935890813
2018-10-10 11:00:00,6473.272585383731
2018-10-10 12:00:00,6526.3961526381245
2018-10-10 13:00:00,6566.489764685452
2018-10-10 14:00:00,6644.946578863885
2018-10-10 15:00:00,6732.535576018482
2018-10-10 16:00:00,6727.789583265112
2018-10-10 17:00:00,6547.111679042537
2018-10-10 18:00:00,6212.3687548274465
2018-10-10 19:00:00,5850.698881743646
2018-10-10 20:00:00,5603.33244170259
2018-10-10 21:00:00,5525.565207930103
2018-10-10 22:00:00,5565.947754073783
2018-10-10 23:00:00,5635.052175550966
2018-10-11 00:00:00,5690.300790878084
2018-10-11 01:00:00,5754.940227527508
2018-10-11 02:00:00,5861.520718497274
2018-10-11 03:00:00,5988.284186275279
2018-10-11 04:00:00,6061.812589603283
2018-10-11 05:00:00,6027.497640116897
2018-10-11 06:00:00,5915.319015885652
2018-10-11 07:00:00,5828.763374323281
2018-10-11 08:00:00,5860.477749152868
2018-10-11 09:00:00,6013.269222955892
2018-10-11 10:00:00,6202.702293151737
2018-10-11 11:00:00,6338.440830893432
2018-10-11 12:00:00,6403.9108112441
2018-10-11 13:00:00,6455.78004115483
2018-10-11 14:00:00,6545.323325197767
2018-10-11 15:00:00,6643.202618356791
2018-10-11 16:00:00,6647.856256409849
2018-10-11 17:00:00,6475.6064034080655
2018-10-11 18:00:00,6148.2534776779
2018-10-11 19:00:00,5792.884194505417
2018-10-11 20:00:00,5550.693177508614
2018-10-11 21:00:00,5476.956318291961
2018-10-11 22:00:00,5520.22026093795
2018-10-11 23:00:00,5591.0689948663185
2018-10-12 00:00:00,5646.952226286096
2018-10-12 01:00:00,5711.158937850322
2018-10-12 02:00:00,5816.295970125521
2018-10-12 03:00:00,5940.675211464308
2018-10-12 04:00:00,6010.960883770213
2018-10-12 05:00:00,5972.638045456689
2018-10-12 06:00:00,5855.7894546274265
2018-10-12 07:00:00,5764.013112903046
2018-10-12 08:00:00,5790.074093634674
2018-10-12 09:00:00,5936.902566715669
2018-10-12 10:00:00,6120.189459144059
2018-10-12 11:00:00,6249.726672947109
2018-10-12 12:00:00,6309.068061581329
2018-10-12 13:00:00,6355.007413619169
2018-10-12 14:00:00,6438.941906519396
2018-10-12 15:00:00,6531.65060155927
2018-10-12 16:00:00,6531.682091962478
2018-10-12 17:00:00,6355.460463778242
2018-10-12 18:00:00,6024.878350276191
2018-10-12 19:00:00,5667.103735236141
2018-10-12 20:00:00,5423.4004730825245
2018-10-12 21:00:00,5349.10071955866
2018-10-12 22:00:00,5392.79366076058
2018-10-12 23:00:00,5465.091533995519
2018-10-13 00:00:00,5523.457617880363
2018-10-13 01:00:00,5591.179605748607
2018-10-13 02:00:00,5700.848198344968
2018-10-13 03:00:00,5830.74450198777
2018-10-13 04:00:00,5907.4877168426765
2018-10-13 05:00:00,5876.504231211337
2018-10-13 06:00:00,5767.805257055391
2018-10-13 07:00:00,5684.905317058587
2018-10-13 08:00:00,5720.475174599236
2018-10-13 09:00:00,5877.341104545322
2018-10-13 10:00:00,6071.08192771643
2018-10-13 11:00:00,6211.370712805566
2018-10-13 12:00:00,6281.637327550047
2018-10-13 13:00:00,6338.548067525628
2018-10-13 14:00:00,6433.370803934043
2018-10-13 15:00:00,6536.755199538082
2018-10-13 16:00:00,6547.122082230951
2018-10-13 17:00:00,6380.771113618571
2018-10-13 18:00:00,6059.475510810839
2018-10-13 19:00:00,5710.290455392832
2018-10-13 20:00:00,5474.375136438362
2018-10-13 21:00:00,5406.966601106843
2018-10-13 22:00:00,5456.569782561789
2018-10-13 23:00:00,5533.7246812139665
2018-10-14 00:00:00,5595.8353613777745
2018-10-14 01:00:00,5666.144164234848
2018-10-14 02:00:00,5777.21096180447
2018-10-14 03:00:00,5907.30102902762
2018-10-14 04:00:00,5983.033012222796
2018-10-14 05:00:00,5949.848105465259
2018-10-14 06:00:00,5837.787568808103
2018-10-14 07:00:00,5750.410899434309
2018-10-14 08:00:00,5780.448250715978
2018-10-14 09:00:00,5930.7990031311165
2018-10-14 10:00:00,6117.127918288072
2018-10-14 11:00:00,6249.205790671075
2018-10-14 12:00:00,6310.570791837338
2018-10-14 13:00:00,6358.006750440468
2018-10-14 14:00:00,6442.906826300793
2018-10-14 15:00:00,6536.052146113871
2018-10-14 16:00:00,6535.9995101805835
2018-10-14 17:00:00,6359.187328522517
2018-10-14 18:00:00,6027.5285664834055
2018-10-14 19:00:00,5668.217356292361
2018-10-14 20:00:00,5422.549244270631
2018-10-14 21:00:00,5345.893270108631
2018-10-14 22:00:00,5386.880270525731
2018-10-14 23:00:00,5456.168405415243
2018-10-15 00:00:00,5511.270589788697
2018-10-15 01:00:00,5575.52725261568
2018-10-15 02:00:00,5681.584265982478
2018-10-15 03:00:00,5807.779639078633
2018-10-15 04:00:00,5880.790470433535
2018-10-15 05:00:00,5846.101283696725
2018-10-15 06:00:00,5733.780891876345
2018-10-15 07:00:00,5647.400110000274
2018-10-15 08:00:00,5679.683918127369
2018-10-15 09:00:00,5833.509982020549
2018-10-15 10:00:00,6024.504964540872
2018-10-15 11:00:00,6162.3855409792795
2018-10-15 12:00:00,6230.620309320419
2018-10-15 13:00:00,6285.908832526124
2018-10-15 14:00:00,6379.546262112873
2018-10-15 15:00:00,6482.203099539958
2018-10-15 16:00:00,6492.31419143616
2018-10-15 17:00:00,6326.186101381566
2018-10-15 18:00:00,6005.591621267881
2018-10-15 19:00:00,5657.578059439645
2018-10-15 20:00:00,5423.289255100715
2018-10-15 21:00:00,5357.939493699017
2018-10-15 22:00:00,5410.003693151983
2018-10-15 23:00:00,5489.984835873038
2018-10-16 00:00:00,5555.243306452032
2018-10-16 01:00:00,5628.97153260639
2018-10-16 02:00:00,5743.6737495445
2018-10-16 03:00:00,5877.5544595389
2018-10-16 04:00:00,5957.167058231773
2018-10-16 05:00:00,5927.883732174857
2018-10-16 06:00:00,5819.673752980623
2018-10-16 07:00:00,5736.022470488551
2018-10-16 08:00:00,5769.584590296751
2018-10-16 09:00:00,5923.183629510805
2018-10-16 10:00:00,6112.408971633119
2018-10-16 11:00:00,6246.957424476297
2018-10-16 12:00:00,6310.295465039546
2018-10-16 13:00:00,6359.138403929439
2018-10-16 14:00:00,6444.814916923383
2018-10-16 15:00:00,6538.046500846331
2018-10-16 16:00:00,6537.335953232428
2018-10-16 17:00:00,6359.074024585909
2018-10-16 18:00:00,6025.133014659018
2018-10-16 19:00:00,5662.673961041228
2018-10-16 20:00:00,5412.967382583182
2018-10-16 21:00:00,5331.365767839859
2018-10-16 22:00:00,5366.492195428277
2018-10-16 23:00:00,5429.006080505555
2018-10-17 00:00:00,5476.430727328102
2018-10-17 01:00:00,5532.126107414919
2018-10-17 02:00:00,5628.766705844389
2018-10-17 03:00:00,5744.72803085945
2018-10-17 04:00:00,5806.733281996669
2018-10-17 05:00:00,5760.3213048734015
2018-10-17 06:00:00,5635.622981616448
2018-10-17 07:00:00,5536.278382424509
2018-10-17 08:00:00,5555.088285817441
2018-10-17 09:00:00,5695.011982686141
2018-10-17 10:00:00,5871.762804993014
2018-10-17 11:00:00,5995.1483012771005
2018-10-17 12:00:00,6048.731259538799
2018-10-17 13:00:00,6089.307824598544
2018-10-17 14:00:00,6168.271170684135
2018-10-17 15:00:00,6256.390292780663
2018-10-17 16:00:00,6252.198031244627
2018-10-17 17:00:00,6072.097476217686
2018-10-17 18:00:00,5737.955529358881
2018-10-17 19:00:00,5376.9102704430925
2018-10-17 20:00:00,5130.192088497175
2018-10-17 21:00:00,5053.096762318576
2018-10-17 22:00:00,5094.174869596885
2018-10-17 23:00:00,5163.998508246835
2018-10-18 00:00:00,5219.989997732542
2018-10-18 01:00:00,5285.395964930718
2018-10-18 02:00:00,5392.766640694752
2018-10-18 03:00:00,5520.343943817847
2018-10-18 04:00:00,5594.709827783004
2018-10-18 05:00:00,5561.255997431574
2018-10-18 06:00:00,5449.962122451245
2018-10-18 07:00:00,5364.314850346049
2018-10-18 08:00:00,5396.961203348045
2018-10-18 09:00:00,5550.7082509797465
2018-10-18 10:00:00,5741.120476080531
2018-10-18 11:00:00,5877.861733589085
2018-10-18 12:00:00,5944.357980838093
2018-10-18 13:00:00,5997.277005453039
2018-10-18 14:00:00,6087.893591137361
2018-10-18 15:00:00,6186.869670405225
2018-10-18 16:00:00,6192.6435550092765
2018-10-18 17:00:00,6021.537383398532
2018-10-18 18:00:00,5695.351546727421
2018-10-18 19:00:00,5341.172731532977
2018-10-18 20:00:00,5100.195531102126
2018-10-18 21:00:00,5027.695805144711
2018-10-18 22:00:00,5072.220164265183
2018-10-18 23:00:00,5144.3525628275165
2018-10-19 00:00:00,5201.542670409728
2018-10-19 01:00:00,5267.079431464792
2018-10-19 02:00:00,5373.569646767332
2018-10-19 03:00:00,5499.325163312125
2018-10-19 04:00:00,5571.010160063852
2018-10-19 05:00:00,5534.109650923011
2018-10-19 06:00:00,5418.7063478992295
2018-10-19 07:00:00,5328.398204944872
2018-10-19 08:00:00,5355.950246174694
2018-10-19 09:00:00,5504.292590656892
2018-10-19 10:00:00,5689.1161129995935
2018-10-19 11:00:00,5820.212661264266
2018-10-19 12:00:00,5881.136033372715
2018-10-19 13:00:00,5928.679960780274
2018-10-19 14:00:00,6014.2415622648405
2018-10-19 15:00:00,6108.59983886991
2018-10-19 16:00:00,6110.3033219814215
2018-10-19 17:00:00,5935.776034269597
2018-10-19 18:00:00,5606.910544073668
2018-10-19 19:00:00,5250.874768603689
2018-10-19 20:00:00,5008.932494256489
2018-10-19 21:00:00,4936.415807126203
2018-10-19 22:00:00,4981.913822036824
2018-10-19 23:00:00,5056.038703614021
2018-10-20 00:00:00,5116.253656164828
2018-10-20 01:00:00,5185.846297162386
2018-10-20 02:00:00,5297.407249948363
2018-10-20 03:00:00,5429.217541868889
2018-10-20 04:00:00,5507.89629258818
2018-10-20 05:00:00,5478.869808358489
2018-10-20 06:00:00,5372.149217550492
2018-10-20 07:00:00,5291.24895771692
2018-10-20 08:00:00,5328.839705578525
2018-10-20 09:00:00,5487.747647799659
2018-10-20 10:00:00,5683.551515474181
2018-10-20 11:00:00,5825.924286042092
2018-10-20 12:00:00,5898.29573446665
2018-10-20 13:00:00,5957.332062021517
2018-10-20 14:00:00,6054.30104409762
2018-10-20 15:00:00,6159.852246127093
2018-10-20 16:00:00,6172.406397166798
2018-10-20 17:00:00,6008.263058475252
2018-10-20 18:00:00,5689.195345318144
2018-10-20 19:00:00,5342.258335934271
2018-10-20 20:00:00,5108.611114549945
2018-10-20 21:00:00,5043.490621997424
2018-10-20 22:00:00,5095.40168361683
2018-10-20 23:00:00,5174.88419051512
2018-10-21 00:00:00,5239.342096222853
2018-10-21 01:00:00,5312.01762967206
2018-10-21 02:00:00,5425.470549149143
2018-10-21 03:00:00,5557.966014400943
2018-10-21 04:00:00,5636.122555097383
2018-10-21 05:00:00,5605.381247202331
2018-10-21 06:00:00,5495.783231214717
2018-10-21 07:00:00,5410.887883288521
2018-10-21 08:00:00,5443.4252343720145
2018-10-21 09:00:00,5596.294541043179
2018-10-21 10:00:00,5785.160439587042
2018-10-21 11:00:00,5919.79359777259
2018-10-21 12:00:00,5983.732058965504
2018-10-21 13:00:00,6033.759522248477
2018-10-21 14:00:00,6121.269016450958
2018-10-21 15:00:00,6217.041535877295
2018-10-21 16:00:00,6219.633747030324
2018-10-21 17:00:00,6045.483924752063
2018-10-21 18:00:00,5716.504897809867
2018-10-21 19:00:00,5359.890660482261
2018-10-21 20:00:00,5116.936619759756
2018-10-21 21:00:00,5043.011674636486
2018-10-21 22:00:00,5086.746519768807
2018-10-21 23:00:00,5158.7991716341385
2018-10-22 00:00:00,5216.682400477814
2018-10-22 01:00:00,5283.736489157415
2018-10-22 02:00:00,5392.607162316047
2018-10-22 03:00:00,5521.632280358001
2018-10-22 04:00:00,5597.488791719432
2018-10-22 05:00:00,5565.66106815353
2018-10-22 06:00:00,5456.217770361791
2018-10-22 07:00:00,5372.729559393147
2018-10-22 08:00:00,5407.921259976866
2018-10-22 09:00:00,5564.670381260487
2018-10-22 10:00:00,5758.603428207298
2018-10-22 11:00:00,5899.436916930765
2018-10-22 12:00:00,5970.639284992892
2018-10-22 13:00:00,6028.909933641291
2018-10-22 14:00:00,6125.543851444826
2018-10-22 15:00:00,6231.211375671773
2018-10-22 16:00:00,6244.347187517606
2018-10-22 17:00:00,6081.257683905352
2018-10-22 18:00:00,5763.71548884219
2018-10-22 19:00:00,5418.767741599225
2018-10-22 20:00:00,5187.558111030073
2018-10-22 21:00:00,5125.3007111397455
2018-10-22 22:00:00,5180.470287144087
2018-10-22 23:00:00,5263.5696475916775
2018-10-23 00:00:00,5331.9590020379155
2018-10-23 01:00:00,5408.830602000957
2018-10-23 02:00:00,5526.688505335909
2018-10-23 03:00:00,5663.737035812851
2018-10-23 04:00:00,5746.529409438954
2018-10-23 05:00:00,5720.437631994414
2018-10-23 06:00:00,5615.430793209489
2018-10-23 07:00:00,5534.994059922904
2018-10-23 08:00:00,5571.78195363145
2018-10-23 09:00:00,5728.617806245293
2018-10-23 10:00:00,5921.090814991582
2018-10-23 11:00:00,6058.897600325978
2018-10-23 12:00:00,6125.504450832114
2018-10-23 13:00:00,6177.626487640439
2018-10-23 14:00:00,6266.592196002657
2018-10-23 15:00:00,6363.122881189658
2018-10-23 16:00:00,6365.721148138713
2018-10-23 17:00:00,6190.777553756459
2018-10-23 18:00:00,5860.164203174694
2018-10-23 19:00:00,5501.041938370576
2018-10-23 20:00:00,5254.68108160198
2018-10-23 21:00:00,5176.433923812514
2018-10-23 22:00:00,5214.923345093904
2018-10-23 23:00:00,5280.808561080523
2018-10-24 00:00:00,5331.612675576332
2018-10-24 01:00:00,5390.695458693456
2018-10-24 02:00:00,5490.7311931858785
2018-10-24 03:00:00,5610.0951840480275
2018-10-24 04:00:00,5675.510426665945
2018-10-24 05:00:00,5632.515561596042
2018-10-24 06:00:00,5511.241265031542
2018-10-24 07:00:00,5415.32740035777
2018-10-24 08:00:00,5437.57453840102
2018-10-24 09:00:00,5580.941761523676
2018-10-24 10:00:00,5761.142192300895
2018-10-24 11:00:00,5887.983169058329
2018-10-24 12:00:00,5945.027268749798
2018-10-24 13:00:00,5989.070420780212
2018-10-24 14:00:00,6071.5055895474015
2018-10-24 15:00:00,6163.101557337373
2018-10-24 16:00:00,6162.3909502846755
2018-10-24 17:00:00,5985.776643538444
2018-10-24 18:00:00,5655.125323015337
2018-10-24 19:00:00,5297.5748519922245
2018-10-24 20:00:00,5054.355402273739
2018-10-24 21:00:00,4980.762534706988
2018-10-24 22:00:00,5025.34660831843
2018-10-24 23:00:00,5098.679501661496
2018-10-25 00:00:00,5158.183314157264
2018-10-25 01:00:00,5227.104451949715
2018-10-25 02:00:00,5337.992924505368
2018-10-25 03:00:00,5469.090428570909
2018-10-25 04:00:00,5546.978694944969
2018-10-25 05:00:00,5517.049205152225
2018-10-25 06:00:00,5409.281404945801
2018-10-25 07:00:00,5327.161717295447
2018-10-25 08:00:00,5363.336939291366
2018-10-25 09:00:00,5520.61391474306
2018-10-25 10:00:00,5714.556900202857
2018-10-25 11:00:00,5854.829523766772
2018-10-25 12:00:00,5924.857515367905
2018-10-25 13:00:00,5981.308434725793
2018-10-25 14:00:00,6075.45683708263
2018-10-25 15:00:00,6177.964426001449
2018-10-25 16:00:00,6187.269283785086
2018-10-25 17:00:00,6019.693318937416
2018-10-25 18:00:00,5697.036692214822
2018-10-25 19:00:00,5346.385859279841
2018-10-25 20:00:00,5108.935182105331
2018-10-25 21:00:00,5039.960288650666
2018-10-25 22:00:00,5088.007557344979
2018-10-25 23:00:00,5163.660709967323
2018-10-26 00:00:00,5224.3691831246815
2018-10-26 01:00:00,5293.421687895985
2018-10-26 02:00:00,5403.424791325305
2018-10-26 03:00:00,5532.690106312302
2018-10-26 04:00:00,5607.881577380647
2018-10-26 05:00:00,5574.483983656039
2018-10-26 06:00:00,5462.579802053913
2018-10-26 07:00:00,5375.7667511290765
2018-10-26 08:00:00,5406.809619293172
2018-10-26 09:00:00,5558.638289639201
2018-10-26 10:00:00,5746.94340052792
2018-10-26 11:00:00,5881.51656352129
2018-10-26 12:00:00,5945.911339788587
2018-10-26 13:00:00,5996.921223818144
2018-10-26 14:00:00,6085.94309719297
2018-10-26 15:00:00,6183.755723562594
2018-10-26 16:00:00,6188.907396727577
2018-10-26 17:00:00,6017.821901611874
2018-10-26 18:00:00,5692.391568587174
2018-10-26 19:00:00,5339.784076827465
2018-10-26 20:00:00,5101.262974509078
2018-10-26 21:00:00,5032.16010939253
2018-10-26 22:00:00,5081.064357873065
2018-10-26 23:00:00,5158.587646003401
2018-10-27 00:00:00,5222.192939460687
2018-10-27 01:00:00,5295.1676170196015
2018-10-27 02:00:00,5410.102063264685
2018-10-27 03:00:00,5545.2770667439045
2018-10-27 04:00:00,5627.311508282401
2018-10-27 05:00:00,5601.6314552913345
2018-10-27 06:00:00,5498.247797289541
2018-10-27 07:00:00,5420.67473298629
2018-10-27 08:00:00,5461.582700282126
2018-10-27 09:00:00,5623.797647067265
2018-10-27 10:00:00,5822.898065699957
2018-10-27 11:00:00,5968.5566949520235
2018-10-27 12:00:00,6044.20307120268
2018-10-27 13:00:00,6106.503157227447
2018-10-27 14:00:00,6206.724490023669
2018-10-27 15:00:00,6315.516396746834
2018-10-27 16:00:00,6331.2993683187915
2018-10-27 17:00:00,6170.372727993696
2018-10-27 18:00:00,5854.5093532050905
2018-10-27 19:00:00,5510.7640845270935
2018-10-27 20:00:00,5280.295768709733
2018-10-27 21:00:00,5218.3411093016375
2018-10-27 22:00:00,5273.40469458305
2018-10-27 23:00:00,5356.026178827291
2018-10-28 00:00:00,5423.6092789647055
2018-10-28 01:00:00,5499.395987588703
2018-10-28 02:00:00,5615.945826905176
2018-10-28 03:00:00,5751.523720900107
2018-10-28 04:00:00,5832.747963715424
2018-10-28 05:00:00,5805.059396146621
2018-10-28 06:00:00,5698.498923828789
2018-10-28 07:00:00,5616.625688391199
2018-10-28 08:00:00,5652.1694866054295
2018-10-28 09:00:00,5808.029341245447
2018-10-28 10:00:00,5999.8696551583025
2018-10-28 11:00:00,6137.460863069277
2018-10-28 12:00:00,6204.340775714485
2018-10-28 13:00:00,6257.292859953261
2018-10-28 14:00:00,6347.709912841734
2018-10-28 15:00:00,6446.372697330017
2018-10-28 16:00:00,6451.837649052799
2018-10-28 17:00:00,6280.542812438331
2018-10-28 18:00:00,5954.4007863389
2018-10-28 19:00:00,5600.605335612835
2018-10-28 20:00:00,5360.45163834922
2018-10-28 21:00:00,5289.308365157712
2018-10-28 22:00:00,5335.805982861931
2018-10-28 23:00:00,5410.602280659863
2018-10-29 00:00:00,5471.209802078963
2018-10-29 01:00:00,5540.968603847742
2018-10-29 02:00:00,5652.524185070724
2018-10-29 03:00:00,5784.214181228839
2018-10-29 04:00:00,5862.715316444264
2018-10-29 05:00:00,5833.511739299765
2018-10-29 06:00:00,5726.671886982849
2018-10-29 07:00:00,5645.766198181978
2018-10-29 08:00:00,5683.51927594242
2018-10-29 09:00:00,5842.808408423395
2018-10-29 10:00:00,6039.259880292086
2018-10-29 11:00:00,6182.589988086642
2018-10-29 12:00:00,6256.266950526198
2018-10-29 13:00:00,6316.989950756151
2018-10-29 14:00:00,6416.053759996025
2018-10-29 15:00:00,6524.128498932327
2018-10-29 16:00:00,6539.648632973711
2018-10-29 17:00:00,6378.920344032847
2018-10-29 18:00:00,6063.716041949787
2018-10-29 19:00:00,5721.082652564521
2018-10-29 20:00:00,5492.163632255337
2018-10-29 21:00:00,5432.172883318441
2018-10-29 22:00:00,5489.5849401380365
2018-10-29 23:00:00,5574.902401323717
2018-10-30 00:00:00,5645.48526734818
2018-10-30 01:00:00,5724.525581574766
2018-10-30 02:00:00,5844.527194598021
2018-10-30 03:00:00,5983.694223863506
2018-10-30 04:00:00,6068.579679988172
2018-10-30 05:00:00,6044.555364314011
2018-10-30 06:00:00,5941.590163097539
2018-10-30 07:00:00,5863.169040677463
2018-10-30 08:00:00,5901.946317049512
2018-10-30 09:00:00,6060.745123610294
2018-10-30 10:00:00,6255.154458098059
2018-10-30 11:00:00,6394.870742505949
2018-10-30 12:00:00,6463.360067995607
2018-10-30 13:00:00,6517.33735931967
2018-10-30 14:00:00,6608.13090642926
2018-10-30 15:00:00,6706.461820363211
2018-10-30 16:00:00,6710.832512918843
2018-10-30 17:00:00,6537.633348964279
2018-10-30 18:00:00,6208.736242708985
2018-10-30 19:00:00,5851.301846336747
2018-10-30 20:00:00,5606.600293436686
2018-10-30 21:00:00,5529.983687454321
2018-10-30 22:00:00,5570.074722132097
2018-10-30 23:00:00,5637.532427932759
2018-10-31 00:00:00,5689.879724680648
2018-10-31 01:00:00,5750.476199703638
2018-10-31 02:00:00,5851.995954178878
2018-10-31 03:00:00,5972.8141127474555
2018-10-31 04:00:00,6039.653491693865
2018-10-31 05:00:00,5998.052553690316
2018-10-31 06:00:00,5878.141798321332
2018-10-31 07:00:00,5783.56091362746
2018-10-31 08:00:00,5807.110296380606
2018-10-31 09:00:00,5951.748856165723
2018-10-31 10:00:00,6133.189544096471
2018-10-31 11:00:00,6261.239528349181
2018-10-31 12:00:00,6319.461217056292
2018-10-31 13:00:00,6364.650375705356
2018-10-31 14:00:00,6448.199798991746
2018-10-31 15:00:00,6540.878104426805
2018-10-31 16:00:00,6541.2177547395895
2018-10-31 17:00:00,6365.621463060773
2018-10-31 18:00:00,6035.955754682507
2018-10-31 19:00:00,5679.358333661588
2018-10-31 20:00:00,5437.059213990183
2018-10-31 21:00:00,5364.353800143031
2018-10-31 22:00:00,5409.792296202016
2018-10-31 23:00:00,5483.946427224502
2018-11-01 00:00:00,5544.238140594842
2018-11-01 01:00:00,5613.913691897617
2018-11-01 02:00:00,5725.522941504304
2018-11-01 03:00:00,5857.307438568263
2018-11-01 04:00:00,5935.848767790296
2018-11-01 05:00:00,5906.538266109531
2018-11-01 06:00:00,5799.355236214645
2018-11-01 07:00:00,5717.785959535758
2018-11-01 08:00:00,5754.477093175057
2018-11-01 09:00:00,5912.23534250691
2018-11-01 10:00:00,6106.624827188585
2018-11-01 11:00:00,6247.309040011676
2018-11-01 12:00:00,6317.713577183007
2018-11-01 13:00:00,6374.5058662777865
2018-11-01 14:00:00,6468.960332001663
2018-11-01 15:00:00,6571.738548992359
2018-11-01 16:00:00,6581.278472237091
2018-11-01 17:00:00,6413.90188456018
2018-11-01 18:00:00,6091.408822675827
2018-11-01 19:00:00,5740.885619868222
2018-11-01 20:00:00,5503.526517317964
2018-11-01 21:00:00,5434.6070239633145
2018-11-01 22:00:00,5482.673400814088
2018-11-01 23:00:00,5558.309253934991
2018-11-02 00:00:00,5618.96390590875
2018-11-02 01:00:00,5687.925955493005
2018-11-02 02:00:00,5797.801859122271
2018-11-02 03:00:00,5926.903120795949
2018-11-02 04:00:00,6001.893577880926
2018-11-02 05:00:00,5968.257904063236
2018-11-02 06:00:00,5856.0784725791855
2018-11-02 07:00:00,5768.952900046297
2018-11-02 08:00:00,5799.645874703967
2018-11-02 09:00:00,5951.087181240687
2018-11-02 10:00:00,6138.967361389188
2018-11-02 11:00:00,6273.077931869236
2018-11-02 12:00:00,6336.9723608014865
2018-11-02 13:00:00,6387.444051425262
2018-11-02 14:00:00,6475.889795880676
2018-11-02 15:00:00,6573.088270195777
2018-11-02 16:00:00,6577.587682364108
2018-11-02 17:00:00,6405.811733345811
2018-11-02 18:00:00,6079.652671377028
2018-11-02 19:00:00,5726.27809534744
2018-11-02 20:00:00,5486.9514750068
2018-11-02 21:00:00,5417.004581508718
2018-11-02 22:00:00,5465.026216572796
2018-11-02 23:00:00,5541.628233414797
2018-11-03 00:00:00,5604.273526755462
2018-11-03 01:00:00,5676.249406317219
2018-11-03 02:00:00,5790.146189504733
2018-11-03 03:00:00,5924.2445995959115
2018-11-03 04:00:00,6005.163454058723
2018-11-03 05:00:00,5978.3287588533585
2018-11-03 06:00:00,5873.751343970529
2018-11-03 07:00:00,5794.945350517961
2018-11-03 08:00:00,5834.581160724319
2018-11-03 09:00:00,5995.484668746534
2018-11-03 10:00:00,6193.234315157071
2018-11-03 11:00:00,6337.502788886864
2018-11-03 12:00:00,6411.719578435046
2018-11-03 13:00:00,6472.5506006542155
2018-11-03 14:00:00,6571.263348585246
2018-11-03 15:00:00,6678.507107405696
2018-11-03 16:00:00,6692.702328023424
2018-11-03 17:00:00,6530.148295680267
2018-11-03 18:00:00,6212.617851767403
2018-11-03 19:00:00,5867.165802820692
2018-11-03 20:00:00,5634.950963545637
2018-11-03 21:00:00,5571.210007448662
2018-11-03 22:00:00,5624.447494776048
2018-11-03 23:00:00,5705.203053778583
2018-11-04 00:00:00,5770.880377380584
2018-11-04 01:00:00,5844.721436190535
2018-11-04 02:00:00,5959.285732457248
2018-11-04 03:00:00,6092.838172232799
2018-11-04 04:00:00,6171.99703376853
2018-11-04 05:00:00,6142.2031439992215
2018-11-04 06:00:00,6033.497396734794
2018-11-04 07:00:00,5949.438923844783
2018-11-04 08:00:00,5982.757514372887
2018-11-04 09:00:00,6136.352185412908
2018-11-04 10:00:00,6325.887336230552
2018-11-04 11:00:00,6461.133399967926
2018-11-04 12:00:00,6525.628187873383
2018-11-04 13:00:00,6576.155169390369
2018-11-04 14:00:00,6664.107146216105
2018-11-04 15:00:00,6760.264888016958
2018-11-04 16:00:00,6763.184839219362
2018-11-04 17:00:00,6589.305055122233
2018-11-04 18:00:00,6260.538147530357
2018-11-04 19:00:00,5904.07789633045
2018-11-04 20:00:00,5661.219496737929
2018-11-04 21:00:00,5587.331638565462
2018-11-04 22:00:00,5631.044809934785
2018-11-04 23:00:00,5703.016823431885
2018-11-05 00:00:00,5760.7602480743035
2018-11-05 01:00:00,5827.6151681655
2018-11-05 02:00:00,5936.227112491044
2018-11-05 03:00:00,6064.933748311283
2018-11-05 04:00:00,6140.4118336275615
2018-11-05 05:00:00,6108.145552983298
2018-11-05 06:00:00,5998.20338167551
2018-11-05 07:00:00,5914.155798590222
2018-11-05 08:00:00,5948.727449069101
2018-11-05 09:00:00,6104.79566567961
2018-11-05 10:00:00,6297.986779606721
2018-11-05 11:00:00,6438.017136017209
2018-11-05 12:00:00,6508.355004361682
2018-11-05 13:00:00,6565.69962064082
2018-11-05 14:00:00,6661.345811024314
2018-11-05 15:00:00,6765.963753290491
2018-11-05 16:00:00,6777.98797201165
2018-11-05 17:00:00,6613.724710404728
2018-11-05 18:00:00,6294.946441720683
2018-11-05 19:00:00,5948.7001573184925
2018-11-05 20:00:00,5716.129381214766
2018-11-05 21:00:00,5652.4480854499825
2018-11-05 22:00:00,5706.130876268438
2018-11-05 23:00:00,5787.680426244861
2018-11-06 00:00:00,5854.4568119420055
2018-11-06 01:00:00,5929.652154899666
2018-11-06 02:00:00,6045.770386034703
2018-11-06 03:00:00,6181.015705181326
2018-11-06 04:00:00,6261.941207480513
2018-11-06 05:00:00,6233.91878089669
2018-11-06 06:00:00,6126.917400411166
2018-11-06 07:00:00,6044.422121200113
2018-11-06 08:00:00,6079.087356186948
2018-11-06 09:00:00,6233.736331803473
2018-11-06 10:00:00,6423.958142921242
2018-11-06 11:00:00,6559.449310766713
2018-11-06 12:00:00,6623.676027820433
2018-11-06 13:00:00,6673.353322261652
2018-11-06 14:00:00,6759.809589548915
2018-11-06 15:00:00,6853.766048318302
2018-11-06 16:00:00,6853.725220054057
2018-11-06 17:00:00,6676.077581394583
2018-11-06 18:00:00,6342.695160401935
2018-11-06 19:00:00,5980.738725186375
2018-11-06 20:00:00,5731.4785273496145
2018-11-06 21:00:00,5650.266790413372
2018-11-06 22:00:00,5685.726330269807
2018-11-06 23:00:00,5748.516301596779
2018-11-07 00:00:00,5796.159750506011
2018-11-07 01:00:00,5852.01639266078
2018-11-07 02:00:00,5948.760459633982
2018-11-07 03:00:00,6064.767208535211
2018-11-07 04:00:00,6126.759590134441
2018-11-07 05:00:00,6080.276203656822
2018-11-07 06:00:00,5955.4476872857085
2018-11-07 07:00:00,5855.913869669648
2018-11-07 08:00:00,5874.475290260904
2018-11-07 09:00:00,6014.091003335099
2018-11-07 10:00:00,6190.474106710131
2018-11-07 11:00:00,6313.431917331293
2018-11-07 12:00:00,6366.526994060464
2018-11-07 13:00:00,6406.555255162052
2018-11-07 14:00:00,6484.909650107051
2018-11-07 15:00:00,6572.358953179694
2018-11-07 16:00:00,6567.435785891412
2018-11-07 17:00:00,6386.543022134925
2018-11-07 18:00:00,6051.547349956352
2018-11-07 19:00:00,5689.586638151452
2018-11-07 20:00:00,5441.891067427034
2018-11-07 21:00:00,5363.756210932984
2018-11-07 22:00:00,5403.732443404166
2018-11-07 23:00:00,5472.391662509377
2018-11-08 00:00:00,5527.155990188863
2018-11-08 01:00:00,5591.271858538259
2018-11-08 02:00:00,5697.289306381912
2018-11-08 03:00:00,5823.45006326006
2018-11-08 04:00:00,5896.335896183788
2018-11-08 05:00:00,5861.338326338141
2018-11-08 06:00:00,5748.436842563585
2018-11-08 07:00:00,5661.117914356391
2018-11-08 08:00:00,5692.028388782502
2018-11-08 09:00:00,5843.975163089369
2018-11-08 10:00:00,6032.522550681534
2018-11-08 11:00:00,6167.334239982696
2018-11-08 12:00:00,6231.836024727795
2018-11-08 13:00:00,6282.695531857847
2018-11-08 14:00:00,6371.187387324193
2018-11-08 15:00:00,6467.97336884979
2018-11-08 16:00:00,6471.491636384559
2018-11-08 17:00:00,6298.064179509593
2018-11-08 18:00:00,5969.491243555976
2018-11-08 19:00:00,5612.859372240602
2018-11-08 20:00:00,5369.363018992739
2018-11-08 21:00:00,5294.277906797591
2018-11-08 22:00:00,5336.150512517468
2018-11-08 23:00:00,5405.564659874694
2018-11-09 00:00:00,5459.9698908591545
2018-11-09 01:00:00,5522.655025434141
2018-11-09 02:00:00,5626.226742997247
2018-11-09 03:00:00,5748.996772271434
2018-11-09 04:00:00,5817.629177082546
2018-11-09 05:00:00,5777.608859334084
2018-11-09 06:00:00,5659.018422195485
2018-11-09 07:00:00,5565.455713943261
2018-11-09 08:00:00,5589.685656185662
2018-11-09 09:00:00,5734.638268687338
2018-11-09 10:00:00,5916.004329945508
2018-11-09 11:00:00,6043.575595127596
2018-11-09 12:00:00,6100.905772482651
2018-11-09 13:00:00,6144.788507040845
2018-11-09 14:00:00,6226.62083438719
2018-11-09 15:00:00,6317.181675635435
2018-11-09 16:00:00,6315.019485512308
2018-11-09 17:00:00,6136.558213324821
2018-11-09 18:00:00,5803.690357277489
2018-11-09 19:00:00,5443.583767833359
2018-11-09 20:00:00,5197.50216791353
2018-11-09 21:00:00,5120.777583414563
2018-11-09 22:00:00,5161.999072389497
2018-11-09 23:00:00,5231.7787459454885
2018-11-10 00:00:00,5287.5797582431505
2018-11-10 01:00:00,5352.689679991874
2018-11-10 02:00:00,5459.69909111418
2018-11-10 03:00:00,5586.888978921056
2018-11-10 04:00:00,5660.878426446567
2018-11-10 05:00:00,5627.093706680478
2018-11-10 06:00:00,5515.54591815246
2018-11-10 07:00:00,5429.74947198306
2018-11-10 08:00:00,5462.3750218738405
2018-11-10 09:00:00,5616.248734911943
2018-11-10 10:00:00,5806.949326041115
2018-11-10 11:00:00,5944.149759995806
2018-11-10 12:00:00,6011.279802495489
2018-11-10 13:00:00,6065.005649016572
2018-11-10 14:00:00,6156.595072628306
2018-11-10 15:00:00,6256.697639909815
2018-11-10 16:00:00,6263.7340845477775
2018-11-10 17:00:00,6094.003975919955
2018-11-10 18:00:00,5769.280440903827
2018-11-10 19:00:00,5416.618572853157
2018-11-10 20:00:00,5177.177474610592
2018-11-10 21:00:00,5106.1941091379485
2018-11-10 22:00:00,5152.173327426327
2018-11-10 23:00:00,5225.655049761606
2018-11-11 00:00:00,5284.043262369771
2018-11-11 01:00:00,5350.58023043265
2018-11-11 02:00:00,5457.825752004932
2018-11-11 03:00:00,5584.045030184858
2018-11-11 04:00:00,5655.856641492472
2018-11-11 05:00:00,5618.701712337833
2018-11-11 06:00:00,5502.621437198362
2018-11-11 07:00:00,5411.175249794298
2018-11-11 08:00:00,5437.093242190953
2018-11-11 09:00:00,5583.27473566478
2018-11-11 10:00:00,5765.384434783732
2018-11-11 11:00:00,5893.193079141594
2018-11-11 12:00:00,5950.238787546912
2018-11-11 13:00:00,5993.305338101582
2018-11-11 14:00:00,6073.785842252433
2018-11-11 15:00:00,6162.461380485921
2018-11-11 16:00:00,6157.888709113182
2018-11-11 17:00:00,5976.506196350435
2018-11-11 18:00:00,5640.2267679726465
2018-11-11 19:00:00,5276.244518844937
2018-11-11 20:00:00,5025.85496015446
2018-11-11 21:00:00,4944.427098692965
2018-11-11 22:00:00,4980.591740525959
2018-11-11 23:00:00,5045.007017146771
2018-11-12 00:00:00,5095.185817426062
2018-11-12 01:00:00,5154.468546459011
2018-11-12 02:00:00,5255.5010547343245
2018-11-12 03:00:00,5376.621332119857
2018-11-12 04:00:00,5444.506460116589
2018-11-12 05:00:00,5404.640947641768
2018-11-12 06:00:00,5287.0935952201735
2018-11-12 07:00:00,5195.435207816023
2018-11-12 08:00:00,5222.3907576836555
2018-11-12 09:00:00,5370.837905103528
2018-11-12 10:00:00,5556.403309786244
2018-11-12 11:00:00,5688.803646207747
2018-11-12 12:00:00,5751.507513896585
2018-11-12 13:00:00,5801.214479680549
2018-11-12 14:00:00,5889.219701309399
2018-11-12 15:00:00,5986.193688854712
2018-11-12 16:00:00,5990.571299895251
2018-11-12 17:00:00,5818.6591113651675
2018-11-12 18:00:00,5492.229930852074
2018-11-12 19:00:00,5138.331084804657
2018-11-12 20:00:00,4898.106432909711
2018-11-12 21:00:00,4826.770283539318
2018-11-12 22:00:00,4872.797579873483
2018-11-12 23:00:00,4946.691332031
2018-11-13 00:00:00,5005.811954700834
2018-11-13 01:00:00,5073.351908122633
2018-11-13 02:00:00,5181.8154624664285
2018-11-13 03:00:00,5309.407157353587
2018-11-13 04:00:00,5382.680428241073
2018-11-13 05:00:00,5347.007503915858
2018-11-13 06:00:00,5232.357700667535
2018-11-13 07:00:00,5142.216415458998
2018-11-13 08:00:00,5169.238403460619
2018-11-13 09:00:00,5316.247233788654
2018-11-13 10:00:00,5498.832344433187
2018-11-13 11:00:00,5626.690600146502
2018-11-13 12:00:00,5683.2885373282425
2018-11-13 13:00:00,5725.341528459497
2018-11-13 14:00:00,5804.178313657639
2018-11-13 15:00:00,5890.520456570329
2018-11-13 16:00:00,5882.870824012252
2018-11-13 17:00:00,5697.620238282152
2018-11-13 18:00:00,5356.64107338393
2018-11-13 19:00:00,4987.094443659184
2018-11-13 20:00:00,4730.250947204885
2018-11-13 21:00:00,4641.463154282226
2018-11-13 22:00:00,4669.354227755179
2018-11-13 23:00:00,4724.583669492391
2018-11-14 00:00:00,4764.674872989392
2018-11-14 01:00:00,4812.987901480227
2018-11-14 02:00:00,4902.197334273695
2018-11-14 03:00:00,5010.678776356197
2018-11-14 04:00:00,5065.155526521328
2018-11-14 05:00:00,5011.166532117645
2018-11-14 06:00:00,4878.8427795632715
2018-11-14 07:00:00,4771.824445817299
2018-11-14 08:00:00,4782.912418709726
2018-11-14 09:00:00,4915.066100932707
2018-11-14 10:00:00,5083.998938791615
2018-11-14 11:00:00,5199.518597677617
2018-11-14 12:00:00,5245.187984934808
2018-11-14 13:00:00,5277.803367279563
2018-11-14 14:00:00,5348.758042609778
2018-11-14 15:00:00,5428.821133570533
2018-11-14 16:00:00,5416.525609971417
2018-11-14 17:00:00,5228.274693924565
2018-11-14 18:00:00,4885.935421582625
